Название,Цена,Ссылка
Подвесной светильник Сансет Black,250руб.,https://www.divan.ru/product/podvesnoj-svetilnik-sanset-black
Подвесной светильник Бабл-9,1333руб.,https://www.divan.ru/product/podvesnoj-svetilnik-babl-9
Бра Бабл Black,150руб.,https://www.divan.ru/product/bra-babl-black
Настольная лампа Дэнди Black,383руб.,https://www.divan.ru/product/nastolnaya-lampa-dendi-black
Бра Варио Black,66руб.,https://www.divan.ru/product/bra-vario-black
Подвесной светильник Кэндел Black,216руб.,https://www.divan.ru/product/podvesnoj-svetilnik-kendel-black
Настольная лампа Сфера Orange,383руб.,https://www.divan.ru/product/nastolnaya-lampa-sfera-orange
Торшер Вена Black,833руб.,https://www.divan.ru/product/torsher-vena-black
Настольная лампа Сканди White,375руб.,https://www.divan.ru/product/nastolnaya-lampa-skandi-white
Настольная лампа Машрум Grey,250руб.,https://www.divan.ru/product/nastolnaya-lampa-mashrum-grey
Настольная лампа Клауд White,750руб.,https://www.divan.ru/product/nastolnaya-lampa-klaud-white
Торшер Рэй Black,383руб.,https://www.divan.ru/product/torsher-rej-black
Настольная лампа Гросс White,250руб.,https://www.divan.ru/product/nastolnaya-lampa-gross-white
Торшер Варио Black,500руб.,https://www.divan.ru/product/torsher-vario-black
Торшер Раффи Round,741руб.,https://www.divan.ru/product/torsher-raffi-round
Настольная лампа Рэй White,250руб.,https://www.divan.ru/product/nastolnaya-lampa-rej-white
Настольная лампа Junior-4,250руб.,https://www.divan.ru/product/nastolnaya-lampa-junior-4
